Location,Year,Municipality Population-- do not change or edit - click to see definition,Direct Circ,Total Appropriated Municipal Income--Operating,1 Total number of adult programs,2 Total attendance at all adult programs,3 Total number of Young Adult programs,4 Total attendance at YA programs,5 Total number of children's programs,6 Total Attendance at all Children's Programs,7 Total Number of Programs,8 Total Attendance at All Programs,ILL Received,ILL Provided,Visitors,1 Number of public use Internet computers available in the library (including children's area) and its branches and bookmobiles,Number of Users of Public Internet Computers Per Year - IMLS
Boston - Boston Public Library,2015,"645,966","3,832,733","$33,416,127","5,419","70,386","1,057","7,032","4,589","115,430","11,065","192,848","6,598","9,479","3,484,928",722,"539,344"
Worcester - Worcester Public Library,2015,"182,544","1,002,521","$4,975,107",144,"1,488",117,634,"1,368","16,104","1,629","18,226","64,602","64,328","777,038",197,
Springfield - Springfield City Library,2015,"153,703","560,494","$6,243,746",711,"13,634",453,"5,698","2,823","44,491","3,987","63,823","40,925","88,357","729,083",159,"58,396"
Lowell - Samuel S. Pollard Memorial Library,2015,"108,861","193,707","$1,247,470",255,"4,586",116,"1,670",202,"6,510",573,"12,766","37,698","29,466",,49,"48,776"
Cambridge - Cambridge Public Library,2015,"107,289","1,607,126","$9,249,325",734,"23,394",71,992,"1,578","59,607","2,383","83,993","204,625","123,537","957,477",148,"199,264"
New Bedford - New Bedford Free Public Library,2015,"95,078","267,253","$2,246,156",279,"1,116",70,465,334,"5,578",683,"7,159","66,037","42,458","273,400",61,"72,800"
Brockton - Brockton Public Library System,2015,"94,089","183,539","$2,127,001",158,"2,216",37,272,126,"2,950",321,"5,438","13,956","18,965","164,757",58,"30,108"
Quincy - Thomas Crane Public Library,2015,"93,494","748,607","$3,072,872",543,"8,481",98,685,434,"14,282","1,075","23,448","73,575","54,806","656,920",80,"123,708"
Lynn - Lynn Public Library,2015,"91,589","143,979","$989,879",78,625,279,"3,456",280,"8,948",637,"13,029","15,919","11,241","302,615",23,"44,200"
Fall River - Fall River Public Library,2015,"88,697","179,676","$1,042,782",78,"1,179",4,100,295,"6,472",377,"7,751","38,674","21,780","190,430",31,"28,912"
Newton - Newton Free Library,2015,"87,971","1,658,656","$5,451,484",547,"12,928",155,"2,711","1,426","33,077","2,128","48,716","156,218","147,272","679,079",45,"45,084"
Somerville - Somerville Public Library,2015,"78,804","348,324","$1,964,651",393,"5,871",35,860,318,"8,786",746,"15,517","63,251","38,898","308,966",44,"60,944"
Lawrence - Lawrence Public Library,2015,"77,657","114,192","$973,891",72,"1,210",0,0,712,"12,234",784,"13,444","41,391","3,467",,37,"57,200"
Framingham - Framingham Public Library,2015,"70,441","647,676","$2,928,591",294,"8,810",39,"1,930",503,"18,325",836,"29,065","56,511","71,269","403,574",54,
Waltham - Waltham Public Library,2015,"62,227","414,588","$2,498,814",52,924,25,138,196,"5,237",273,"6,299","45,144","59,535","266,482",37,"67,392"
Haverhill - Haverhill Public Library,2015,"62,088","343,566","$1,200,090",163,"1,096",91,983,381,"5,944",635,"8,023","42,014","49,216","301,554",42,"59,540"
Malden - Malden Public Library,2015,"60,509","288,802","$1,363,778",175,"4,742",31,551,226,"13,708",432,"19,001","28,851","41,339","366,175",14,"34,320"
Brookline - Brookline Public Library,2015,"59,128","1,180,325","$3,698,844",319,"6,209",21,580,633,"22,595",973,"29,384","165,438","135,838","642,645",64,"154,284"
Plymouth - Plymouth Public Library,2015,"57,826","345,035","$1,656,373",276,"5,662",38,428,389,"8,830",703,"14,920","33,276","19,592","206,331",21,"29,796"
Medford - Medford Public Library,2015,"57,170","208,284","$1,077,283",96,"1,800",11,101,400,"5,859",507,"7,760","38,541","35,859",0,10,
Taunton - Taunton Public Library,2015,"56,069","168,748","$1,207,540",14,840,0,0,252,"11,340",266,"12,180","35,262","34,742",,22,"67,392"
Chicopee - Chicopee Public Library,2015,"55,717","382,313","$1,567,973",984,"12,994",90,995,303,"14,212","1,377","28,201","34,096","31,359","239,188",72,"75,504"
Weymouth - Tufts Library,2015,"55,419","310,849","$1,380,633",48,"1,859",82,"1,345",258,"7,663",388,"10,867","48,832","38,633",,9,"10,140"
Revere - Revere Public Library,2015,"53,756","30,530","$574,613",1,42,0,0,130,"1,950",131,"1,992","5,129","1,970",,32,"16,224"
Peabody - Peabody Institute Library,2015,"52,044","232,323","$1,749,156",771,"5,948",414,"7,367",484,"8,686","1,669","22,001","24,465","22,240","293,130",45,"55,796"
Methuen - Nevins Memorial Library,2015,"48,514","216,537","$1,102,580",592,"8,565",73,426,324,"9,252",989,"18,243","36,241","31,530","143,632",24,"32,500"
Barnstable - Sturgis Library,2015,"44,641","55,186","$226,802",83,"1,788",30,305,98,"2,556",211,"4,649","14,731","15,371","62,243",11,"17,680"
Barnstable - Whelden Memorial Library,2015,"44,641","25,356","$102,562",9,150,0,0,89,335,98,485,"8,864","8,484","21,000",3,"2,600"
Barnstable - Hyannis Public Library Association,2015,"44,641","115,050","$454,596",26,494,5,100,259,"4,169",290,"4,763","15,331","15,283","78,061",18,"9,100"
Barnstable - Marstons Mills Public Library,2015,"44,641","81,678","$182,323",292,"3,014",21,288,119,"1,870",432,"5,172","12,394","12,394",,8,"4,420"
Barnstable - Centerville Public Library,2015,"44,641","120,406","$308,632",515,"8,580",33,256,239,"2,465",787,"11,301","23,477","12,221","139,528",16,"34,216"
Barnstable - Osterville Free Library,2015,"44,641","76,970","$237,910",132,"4,527",14,98,216,"3,876",362,"8,501","14,894","12,936","88,534",19,"4,160"
Barnstable - Cotuit Library,2015,"44,641","41,232","$158,928",391,"5,475",5,40,189,"2,877",585,"8,392","11,177","11,521","44,162",24,"10,400"
Pittsfield - Berkshire Athenaeum,2015,"44,057","220,983","$918,373",40,996,1,7,117,"4,152",158,"5,155","31,527","18,835","255,009",30,"29,796"
Arlington - Robbins Library,2015,"44,028","735,002","$2,207,300",106,"2,116",63,515,302,"19,550",471,"22,181","86,145","55,580","300,291",48,"43,004"
Attleboro - Attleboro Public Library,2015,"43,886","194,467","$1,049,069",161,"1,590",52,360,216,"1,570",429,"3,520","49,863","24,713","191,307",12,"16,224"
Everett - Everett Public Libraries,2015,"42,935","107,997","$960,226",10,421,121,687,152,"2,538",283,"3,646","12,105","16,865",,33,"40,560"
Salem - Salem Public Library,2015,"42,544","397,810","$1,233,010",46,219,50,564,320,"7,531",416,"8,314","32,651","30,347","196,565",20,"36,868"
Billerica - Billerica Public Library,2015,"41,888","266,125","$1,422,611",160,865,29,"1,488",323,"14,210",512,"16,563","32,221","40,891","164,111",25,"19,448"
Westfield - Westfield Athenaeum,2015,"41,301","272,043","$856,408",60,"1,729",59,507,270,"6,130",389,"8,366","27,025","21,359","185,086",25,"24,492"
Leominster - Leominster Public Library,2015,"41,002","290,570","$1,344,467",162,"3,951",37,"1,048",279,"11,651",478,"16,650","28,567","40,574","238,700",19,"41,756"
Beverly - Beverly Public Library,2015,"40,664","384,713","$1,901,955",78,"1,895",37,919,408,"11,741",523,"14,555","33,575","33,112","222,153",25,"50,700"
Fitchburg - Fitchburg Public Library,2015,"40,383","124,018","$711,703",36,344,33,226,292,"3,813",361,"4,383","14,626","22,255",,20,"30,420"
Holyoke - Holyoke Public Library,2015,"40,249","84,528","$579,845",18,346,2,18,447,"7,545",467,"7,909","7,856","13,802","112,285",46,"33,280"
Marlborough - Marlborough Public Library,2015,"39,414","237,059","$913,304",220,"1,657",106,769,234,"4,530",560,"6,956","26,542","19,582",,21,"35,360"
Woburn - Woburn Public Library,2015,"39,083","179,712","$1,089,077",28,622,6,229,132,"5,854",166,"6,705","24,321","26,802","126,950",7,"14,768"
Amherst - Jones Library,2015,"38,919","491,028","$1,788,533",283,"5,715",52,"1,459",165,"4,562",500,"11,736",408,25,"296,869",62,"52,000"
Chelsea - Chelsea Public Library,2015,"37,670","60,073","$284,415",10,200,2,65,179,"4,492",191,"4,757","12,345","6,427",,18,"24,180"
Braintree - Thayer Public Library,2015,"36,727","365,580","$1,497,952",202,"3,557",65,918,174,"4,185",441,"8,660","41,492","41,499","371,942",25,"28,132"
Shrewsbury - Shrewsbury Free Public Library,2015,"36,309","410,182","$1,124,148",270,"1,676",28,840,249,"5,336",547,"7,852","33,157","18,479","168,605",13,"9,256"
Natick - Morse Institute Library,2015,"35,214","542,544","$2,197,264",383,"6,708",38,490,291,"7,584",712,"14,782","60,885","73,015","298,727",21,"12,792"
Natick - Bacon Free Library,2015,"35,214","38,237","$152,446",79,"1,129",,,302,"4,326",381,"5,455","8,154","9,454","25,862",1,"1,300"
Chelmsford - Chelmsford Public Library,2015,"34,722","464,837","$1,808,981",838,"4,493",84,699,430,"13,707","1,352","18,899","92,186","47,303","273,669",47,"63,596"
Dartmouth - Dartmouth Public Libraries,2015,"34,557","306,694","$1,097,313",27,575,8,48,167,"5,273",202,"5,896","39,235","58,695","182,313",20,"17,784"
Andover - Memorial Hall Library,2015,"34,477","551,988","$2,633,302",233,"6,262",163,906,627,"18,305","1,023","25,473","73,194","69,669","336,075",49,"49,088"
Randolph - Turner Free Library,2015,"33,456","201,834","$910,152",96,"1,595",253,"2,376",252,"3,821",601,"7,792","12,659","20,095","181,224",19,"32,500"
Watertown - Watertown Free Public Library,2015,"32,996","637,211","$2,513,366",222,"4,653",181,"2,518",417,"15,015",820,"22,186","68,157","54,667","398,389",78,"80,548"
Lexington - Cary Memorial Library,2015,"32,650","828,087","$2,223,509",72,"2,446",51,557,471,"16,570",594,"19,573","92,609","57,517","516,267",21,"35,308"
Franklin - Franklin Public Library,2015,"32,581","302,516","$676,076",13,317,22,243,386,"11,663",421,"12,223","42,302","38,766","284,896",10,"32,604"
Falmouth - Woods Hole Public Library,2015,"31,644","24,630","$19,313",90,"2,400",15,100,90,"2,000",195,"4,500","4,834","8,344",,2,"1,820"
Falmouth - Falmouth Public Library,2015,"31,644","422,731","$1,758,650",211,"5,008",20,395,454,"10,346",685,"15,749","56,313","35,191","343,783",52,"33,488"
"Falmouth - West Falmouth Library, Inc.",2015,"31,644","28,103","$19,313",226,"3,780",1,8,171,"3,964",398,"7,752","6,533","6,903","12,870",4,"1,040"
Dracut - Moses Greeley Parker Memorial Library,2015,"30,687","212,172","$769,650",95,"1,094",57,444,199,"4,762",351,"6,300","25,023","29,048","205,959",18,"16,796"
Tewksbury - Tewksbury Public Library,2015,"30,107","239,537","$961,660",261,"6,022",3,21,388,"12,610",652,"18,653","29,911","25,221","150,728",24,"17,316"
Needham - Needham Free Public Library,2015,"29,736","513,117","$1,475,200",32,"4,228",84,"1,084",368,"12,078",484,"17,390","60,595","63,120","342,488",29,"39,000"
Gloucester - Gloucester Lyceum & Sawyer Free Library,2015,"29,393","146,061","$850,126",134,"2,314",9,"1,281",465,"11,015",608,"14,610","17,696","15,898","73,948",28,"20,332"
North Andover - Stevens Memorial Library,2015,"29,217","193,799","$942,646",207,"1,707",10,87,338,"6,564",555,"8,358","38,186","20,960","185,138",27,"61,672"
Wellesley - Wellesley Free Library,2015,"29,090","742,858","$2,269,233",593,"7,233",42,404,585,"24,384","1,220","32,021","59,077","114,928","371,568",100,"154,232"
Norwood - Morrill Memorial Library,2015,"28,951","273,539","$1,579,835",185,"3,617",0,0,234,"5,530",419,"9,147","37,125","36,748","149,826",15,"23,920"
North Attleborough - Richards Memorial Library,2015,"28,801","116,007","$567,001",72,712,0,0,163,"2,732",235,"3,444","32,695","15,646","86,892",6,"13,780"
Agawam - Agawam Public Library,2015,"28,705","280,734","$1,036,974",140,"1,432",19,296,173,"4,806",332,"6,534","23,709","28,345","173,768",25,"22,672"
West Springfield - West Springfield Public Library,2015,"28,684","134,899","$852,869",106,436,20,804,327,"7,777",453,"9,017","16,206","21,987","115,762",17,"12,896"
Northampton - Forbes Library,2015,"28,495","332,083","$1,163,512",664,"9,294",49,199,821,"11,281","1,534","20,774","35,345","26,532","202,968",28,"33,852"
Northampton - Lilly Library,2015,"28,495","131,038","$286,563",17,161,45,160,125,"1,704",187,"2,025","24,299","6,610","72,125",10,"8,060"
Milford - Milford Town Library,2015,"28,288","185,851","$1,151,982",119,"1,986",159,"1,312",153,"4,500",431,"7,798","18,243","31,938","159,863",18,"38,012"
Stoughton - Stoughton Public Library,2015,"28,106","152,844","$1,015,669",300,"2,311",103,"1,125",427,"10,787",830,"14,223","10,692","17,051","158,601",14,"16,328"
Saugus - Saugus Public Library,2015,"27,735","110,205","$590,341",15,264,13,178,566,"12,391",594,"12,833","10,848","16,847","101,751",13,"14,404"
Melrose - Melrose Public Library,2015,"27,690","289,669","$941,325",95,"1,576",12,135,202,"8,997",309,"10,708","33,944","15,338","184,550",27,"34,424"
Danvers - Peabody Institute Library,2015,"27,483","197,060","$1,281,692",101,"1,867",21,614,160,"9,464",282,"11,945","22,385","25,069",,21,"22,776"
Milton - Milton Public Library,2015,"27,270","295,431","$1,262,516",83,"2,387",70,"1,226",383,"11,246",536,"14,859","31,351","39,852","234,961",30,"38,480"
Bridgewater - Bridgewater Public Library,2015,"26,506","106,910","$528,281",33,821,,,179,"3,414",212,"4,235","25,234","22,701","69,556",10,"9,308"
Wakefield - Lucius Beebe Memorial Library,2015,"26,080","303,614","$1,407,267",182,"2,914",32,"2,358",287,"10,375",501,"15,647","22,672","21,629","273,309",26,"53,924"
Marshfield - Ventress Memorial Library,2015,"25,509","188,739","$720,888",326,"2,663",,,270,"3,828",596,"6,491","29,074","20,085",,12,"16,380"
Burlington - Burlington Public Library,2015,"25,463","285,019","$1,420,172",92,"1,289",66,537,296,"7,184",454,"9,010","32,816","38,572","150,292",15,"38,896"
Belmont - Belmont Public Library,2015,"25,332","541,863","$2,099,770",101,940,55,"1,409",339,"12,273",495,"14,622","63,462","45,296","256,232",18,"22,100"
Reading - Reading Public Library,2015,"25,327","356,736","$1,397,802",77,"1,592",21,,168,"6,623",266,"8,215","25,688","25,544",,16,"7,800"
Dedham - Dedham Public Library,2015,"25,299","146,109","$1,111,823",65,297,3,37,141,"2,111",209,"2,445","25,455","24,137","111,778",14,"12,220"
Walpole - Walpole Public Library,2015,"24,818","225,725","$774,773",73,"1,955",2,22,144,"3,524",219,"5,501","10,660","12,721","149,601",16,"18,044"
"Easton - Ames Free Library of Easton, Inc.",2015,"23,753","168,725","$478,964",643,"4,294",165,"1,487",356,"6,068","1,164","11,849","30,503","18,902","120,121",40,"17,420"
Yarmouth - Yarmouth Town Libraries,2015,"23,651","143,166","$662,921",124,"2,215",8,64,162,"2,522",294,"4,801","40,845","15,071","122,906",15,"28,600"
Middleborough - Middleborough Public Library,2015,"23,601","155,603","$582,195",64,"1,147",6,777,255,"7,173",325,"9,097","34,525","28,675","97,997",20,"14,924"
Mansfield - Mansfield Public Library,2015,"23,566","188,019","$791,211",19,226,5,33,310,"5,462",334,"5,721","32,189","31,518",,10,"9,100"
Westford - J. V. Fletcher Library,2015,"23,265","291,508","$1,505,402",81,"1,698",95,"2,619",225,"10,944",401,"15,261","49,031","31,018","261,320",15,"45,760"
Wilmington - Wilmington Memorial Library,2015,"23,147","206,347","$1,040,335",279,"3,613",93,"1,059",463,"13,090",835,"17,762","30,915","20,885","144,838",17,"14,872"
Acton - West Acton Citizens' Library,2015,"22,891","14,151","$55,750",,,,,80,800,80,800,0,0,,2,780
Acton - Acton Memorial Library,2015,"22,891","509,825","$1,275,231",86,"1,014",1,10,256,"6,408",343,"7,432","53,891","53,081","239,194",14,"23,400"
Hingham - Hingham Public Library,2015,"22,740","356,524","$1,530,590",627,"11,066",25,125,266,"5,940",918,"17,131","33,901","50,154","230,269",18,"35,100"
Wareham - Wareham Free Library,2015,"22,384",,,,,,,,,,,,,,,
Canton - Canton Public Library,2015,"22,221","254,645","$1,184,031",190,"2,516",56,204,185,"3,929",431,"6,649","17,036","16,300","144,768",32,"17,368"
Winchester - Winchester Public Library,2015,"22,079","512,190","$1,796,606",205,"2,147",0,0,607,"9,991",812,"12,138","57,533","47,851","269,797",19,"59,228"
Stoneham - Stoneham Public Library,2015,"21,734","101,475","$743,984",30,736,10,121,395,"8,565",435,"9,422","11,611","11,197","106,843",12,"12,532"
Ludlow - Hubbard Memorial Library,2015,"21,451","105,065","$460,398",189,"1,087",88,"1,888",356,"6,573",633,"9,548","15,374","16,737",,22,"13,468"
Sandwich - Sandwich Free Public Library,2015,"20,589","211,553","$985,336",52,"1,303",30,312,432,"12,018",514,"13,633","23,468","18,242",,18,"11,024"
Gardner - Levi Heywood Memorial Library,2015,"20,354","171,478","$641,489",21,370,0,0,155,"2,886",176,"3,256","19,646","14,106","104,022",6,"8,008"
Marblehead - Abbot Public Library,2015,"20,187","201,425","$1,042,060",64,"2,295",9,50,137,"2,526",210,"4,871","24,283","15,893",,22,"13,000"
Bourne - Jonathan Bourne Public Library,2015,"19,733","152,536","$623,547",82,"1,247",41,200,362,"5,795",485,"7,242","23,627","18,537","93,415",12,"6,552"
Hudson - Hudson Public Library,2015,"19,586","211,851","$714,071",117,"1,049",13,70,265,"8,702",395,"9,821","22,622","19,080","73,010",16,"10,868"
Norton - Norton Public Library,2015,"19,367","95,922","$360,000",142,"2,608",29,507,154,"5,326",325,"8,441","18,500","16,868","74,258",10,"6,552"
Concord - Concord Free Public Library,2015,"19,285","413,701","$1,993,016",178,"3,108",25,620,187,"3,887",390,"7,615","46,572","76,461","220,631",24,
Westborough - Westborough Public Library,2015,"18,630","225,385","$987,828",126,"2,548",3,40,141,"1,750",270,"4,338","21,632","16,104","138,955",9,"10,660"
Sudbury - Goodnow Public Library,2015,"18,367","352,767","$1,058,353",33,"1,002",14,669,606,"21,890",653,"23,561","46,330","58,515","172,525",28,"21,268"
Scituate - Scituate Town Library,2015,"18,297","201,253","$943,404",32,404,51,569,216,"7,932",299,"8,905","13,971","11,397","135,000",6,"8,424"
Somerset - Somerset Public Library,2015,"18,290","86,534","$505,504",508,"9,974",98,502,295,"9,341",901,"19,817","16,323","22,436","130,647",13,"13,624"
Grafton - Grafton Public Library,2015,"18,155","150,862","$565,843",101,"1,738",64,541,255,"6,788",420,"9,067","21,806","10,477","71,536",8,"4,420"
Winthrop - Winthrop Public Library,2015,"18,111","67,777","$480,871",90,871,6,32,93,"2,203",189,"3,106","9,211","7,653","60,433",13,"2,496"
Pembroke - Pembroke Public Library,2015,"18,097","127,789","$638,532",92,871,45,652,354,"7,549",491,"9,072","19,451","28,494","108,500",11,"9,672"
Sharon - Sharon Public Library,2015,"18,027","256,116","$932,225",128,"2,291",8,130,231,"2,819",367,"5,240","45,464","15,855","14,900",11,"21,060"
Holden - Gale Free Library,2015,"17,995","242,464","$801,893",82,"1,583",,,115,"6,791",197,"8,374","26,396","17,801","246,350",8,"39,312"
Newburyport - Newburyport Public Library,2015,"17,800","291,971","$1,293,998",213,"2,949",69,772,189,"4,288",471,"8,009","44,665","29,145","256,684",25,"33,280"
South Hadley - Gaylord Memorial Library,2015,"17,740","13,004","$31,753",169,863,0,,74,"1,040",243,"1,903",471,3,,2,104
South Hadley - South Hadley Public Library,2015,"17,740","175,430","$611,955",146,"2,669",34,208,141,"3,185",321,"6,062","24,577","14,028",,46,"18,876"
Rockland - Rockland Memorial Library,2015,"17,632","70,169","$528,987",30,556,34,378,183,"3,954",247,"4,888","5,963","13,378","48,298",9,"7,384"
Greenfield - Greenfield Public Library,2015,"17,492","302,811","$656,800",422,"1,669",0,0,193,"5,369",615,"7,038","33,844","13,050","153,571",18,"17,836"
Foxborough - Boyden Library,2015,"17,257","179,396","$989,308",10,255,0,0,173,"4,902",183,"5,157","34,030","46,146","129,681",30,"13,260"
Ashland - Ashland Public Library,2015,"17,150","146,810","$325,366",75,750,39,107,193,"5,658",307,"6,515","17,500","16,369",,13,"6,292"
Webster - Chester C. Corbin Public Library,2015,"16,811","38,362","$319,672",28,273,20,142,98,873,146,"1,288","5,058","5,907","43,000",7,"34,840"
Southbridge - Jacob Edwards Library,2015,"16,793","78,668","$481,649",120,"1,665",68,343,294,"6,253",482,"8,261","7,922","17,627","109,897",15,"9,724"
Bellingham - Bellingham Public Library,2015,"16,675","106,836","$537,932",120,954,137,"2,276",548,"18,198",805,"21,428","11,984","14,289","101,432",12,"16,276"
Amesbury - Amesbury Public Library,2015,"16,650","145,875","$761,070",64,801,60,618,188,"3,758",312,"5,177","25,029","22,622","68,310",8,"10,660"
Auburn - Auburn Free Public Library,2015,"16,315","160,012","$581,582",167,,23,,192,,382,,"18,024","17,048","78,600",16,"9,880"
Abington - Abington Public Library,2015,"16,124","94,538","$455,005",58,"1,459",26,397,252,"3,453",336,"5,309","8,901","7,464","78,060",15,"7,540"
Northbridge - Whitinsville Social Library,2015,"16,103","72,682","$163,220",93,"1,066",16,134,143,"2,417",252,"3,617","7,928","8,548",,6,"3,380"
Swansea - Swansea Free Public Library,2015,"16,079","77,041","$281,614",190,987,95,388,235,"1,879",520,"3,254","18,831","19,090","19,968",8,"10,608"
Fairhaven - Millicent Library,2015,"16,065","95,074","$595,519",14,94,16,255,202,"3,710",232,"4,059","17,593","38,667",,7,"30,004"
East Longmeadow - East Longmeadow Public Library,2015,"16,022","187,169","$686,323",96,"1,440",10,90,369,"10,921",475,"12,451","25,111","15,933","140,000",20,"75,400"
Easthampton - Emily Williston Memorial Library,2015,"15,971","105,011","$200,681",38,515,44,262,208,"4,003",290,"4,780","19,828","9,682","77,606",5,"6,916"
Hopkinton - Hopkinton Public Library,2015,"15,918","135,579","$360,021",33,815,8,56,114,"1,866",155,"2,737","13,583","8,567","61,500",7,"3,120"
Longmeadow - Richard Salter Storrs Library,2015,"15,882","183,692","$647,900",197,"2,249",10,258,458,"12,319",665,"14,826","19,663","15,291","102,463",18,"14,664"
Westport - Westport Free Public Library,2015,"15,700","68,616","$221,239",19,196,7,183,83,"1,245",109,"1,624","21,791","9,256",,7,"46,800"
North Reading - Flint Memorial Library,2015,"15,377","94,162","$487,678",23,635,25,201,194,"4,925",242,"5,761","13,474","23,223","41,000",14,"9,100"
Duxbury - Duxbury Free Library,2015,"15,288","213,943","$1,269,279",297,"2,079",170,"2,323",334,"6,057",801,"10,459","13,327","20,419","165,435",31,"9,932"
Westwood - Westwood Public Library,2015,"14,876","262,524","$1,113,338",55,694,25,455,437,"8,613",517,"9,762","31,337","45,088","149,106",22,"10,556"
Northborough - Northborough Free Library,2015,"14,762","173,959","$729,948",110,780,33,277,317,"4,684",460,"5,741","20,302","13,711","116,105",21,"12,688"
Belchertown - Clapp Memorial Library,2015,"14,735","100,017","$405,809",49,997,47,463,374,"9,900",470,"11,360","15,175","15,933","92,435",5,"4,576"
Whitman - Whitman Public Library,2015,"14,696","87,659","$381,055",124,839,31,332,210,"5,055",365,"6,226","13,559","13,156","80,915",13,"11,284"
Wilbraham - Wilbraham Public Library,2015,"14,477","153,798","$662,830",85,"1,167",37,728,144,"3,617",266,"5,512","14,216","15,318","77,978",19,"7,488"
Seekonk - Seekonk Public Library,2015,"14,366","237,911","$864,271",84,"1,735",4,38,321,"6,539",409,"8,312","35,561","37,989","108,695",28,"10,712"
Hanover - John Curtis Free Library,2015,"14,280","107,079","$518,597",23,372,62,127,221,"2,964",306,"3,463","17,186","17,186","36,890",19,"4,992"
Holliston - Holliston Public Library,2015,"14,162","173,165","$461,088",52,593,0,0,157,"3,585",209,"4,178","25,827","23,880","152,000",11,"26,000"
East Bridgewater - East Bridgewater Public Library,2015,"14,090","87,051","$453,815",15,683,12,53,318,"5,722",345,"6,458","18,367","19,202",,5,"6,760"
Mashpee - Mashpee Public Library,2015,"14,068","220,646","$539,871",201,628,18,227,330,"7,118",549,"7,973","24,063","20,303",,26,"12,480"
Dennis - South Dennis Free Public Library,2015,"14,067","20,735","$38,878",5,90,0,0,7,15,12,105,"4,058","5,387","8,446",2,"3,900"
Dennis - West Dennis Free Public Library,2015,"14,067","17,550","$44,050",313,"2,533",0,0,8,80,321,"2,613","3,746","5,507","11,654",5,"3,640"
Dennis - Dennis Public Library,2015,"14,067","69,543","$327,845",106,"1,246",4,35,107,"2,534",217,"3,815","10,516","11,691","100,699",13,"10,400"
Dennis - Jacob Sears Memorial Library,2015,"14,067","40,657","$37,249",205,"1,974",,,,,205,"1,974","4,239","7,394","18,700",5,"4,784"
Dennis - Dennis Memorial Library Association,2015,"14,067","62,678","$84,004",489,"5,365",0,0,15,439,504,"5,804","14,759",0,"51,294",14,"9,828"
Bedford - Bedford Free Public Library,2015,"13,975","332,727","$1,116,913",94,"1,431",32,996,224,"10,812",350,"13,239","43,419","39,562","207,360",13,"23,972"
Swampscott - Swampscott Public Library,2015,"13,951","165,632","$703,110",254,"2,371",26,849,120,"2,151",400,"5,371","14,698","15,869","83,254",18,"17,056"
Oxford - Oxford Free Public Library,2015,"13,806","100,549","$440,477",28,311,,,192,"6,101",220,"6,412","11,806","10,574",,16,"18,720"
Clinton - Bigelow Free Public Library,2015,"13,697","30,324","$369,261",43,668,22,113,38,622,103,"1,403","1,940","3,262","29,986",11,"7,800"
Uxbridge - Uxbridge Free Public Library,2015,"13,647","70,761","$340,000",93,"1,072",22,81,193,"2,338",308,"3,491","9,351","9,824","65,143",8,"2,080"
Ipswich - Ipswich Public Library,2015,"13,574","158,749","$618,628",25,495,9,65,310,"7,109",344,"7,669","23,310","23,377","106,354",8,"12,792"
Raynham - Raynham Public Library,2015,"13,554","102,886","$332,004",57,871,0,0,180,"2,866",237,"3,737","19,830","15,168","61,620",7,"5,668"
North Adams - North Adams Public Library,2015,"13,533","98,436","$297,510",29,755,1,12,171,"3,908",201,"4,675","14,601","10,473","65,791",6,"10,400"
Wayland - Wayland Free Public Library,2015,"13,444","220,997","$983,300",260,"2,926",20,261,195,"4,857",475,"8,044","26,325","36,777","110,230",24,"31,720"
Millbury - Millbury Public Library,2015,"13,399","58,106","$368,152",260,"2,861",0,0,217,"2,265",477,"5,126","8,044","8,622","68,128",6,"5,668"
Hamilton - Hamilton-Wenham Public Library,2015,"13,186","242,890","$849,040",363,"1,846",110,"1,180",355,"9,217",828,"12,243","30,484","37,946","122,563",25,"19,032"
Charlton - Charlton Public Library,2015,"13,175","84,742","$359,017",56,814,24,365,222,"4,806",302,"5,985","10,588","8,225",,25,"3,068"
Medway - Medway Public Library,2015,"13,053","96,903","$302,478",46,494,21,74,148,"3,854",215,"4,422","13,000","15,090","69,171",16,"4,836"
Kingston - Kingston Public Library,2015,"12,819","113,756","$615,712",108,"1,377",9,63,152,"1,860",269,"3,300","10,109","14,107","79,194",18,"9,256"
Lynnfield - Lynnfield Public Library,2015,"12,395","122,604","$749,855",44,830,24,148,182,"4,993",250,"5,971","12,060","18,508","92,963",9,"26,572"
Medfield - Medfield Memorial Library,2015,"12,313","183,009","$715,585",7,65,74,"1,637",419,"6,380",500,"8,082","22,414","31,237","116,461",19,"11,440"
Harwich - Brooks Free Library,2015,"12,202","209,742","$747,267",532,"5,097",65,348,257,"7,146",854,"12,591","34,381","28,134","159,377",19,"74,620"
"Harwich - Chase Library Assoc., Inc.",2015,"12,202","5,103","$10,000",18,743,,,12,94,30,837,64,4,"3,318",1,520
Harwich - Harwich Port Library Association,2015,"12,202","5,995","$10,000",4,250,0,0,10,115,14,365,260,30,"3,280",1,312
Palmer - Palmer Public Library,2015,"12,157","126,823","$719,480",24,485,65,545,72,"2,142",161,"3,172","14,511","18,810","79,377",42,"16,276"
Tyngsborough - Tyngsborough Public Library,2015,"12,054","82,468","$334,231",148,871,27,171,169,"2,023",344,"3,065","11,409","33,219","55,563",10,"6,448"
Pepperell - Lawrence Library,2015,"11,876","93,221","$435,658",218,"5,847",30,365,165,"3,351",413,"9,563","7,920","9,711","93,760",8,"6,916"
Weston - Weston Public Library,2015,"11,853","347,026","$1,298,272",468,"4,288",35,441,265,"5,742",768,"10,471","24,369","60,707","145,635",15,"9,152"
Rehoboth - Blanding Free Public Library,2015,"11,837","37,046","$211,140",29,530,12,92,155,"3,770",196,"4,392","10,899","12,982",,4,
Spencer - Richard Sugden Public Library,2015,"11,766","45,611","$306,532",16,108,18,87,109,"1,453",143,"1,648","5,998","6,477",,8,"9,308"
Norfolk - Norfolk Public Library,2015,"11,689","96,774","$530,823",39,877,28,144,249,"5,022",316,"6,043","15,738","23,816","65,300",18,"4,004"
Athol - Athol Public Library,2015,"11,619","98,178","$464,545",42,"1,131",180,"1,778",175,"3,687",397,"6,596","16,033","11,465",,22,"15,496"
Dudley - Pearle L. Crawford Memorial Library,2015,"11,516","71,545","$210,020",75,"1,306",13,68,102,"4,813",190,"6,187","9,159","7,123","56,298",26,"8,580"
Carver - Carver Public Library,2015,"11,494","83,501","$365,909",28,300,35,250,260,"4,724",323,"5,274","11,937","15,988","90,000",19,"13,000"
Wrentham - Fiske Public Library,2015,"11,268","68,998","$311,791",46,833,10,255,271,"5,187",327,"6,275","13,013","18,989",,10,"1,560"
Leicester - Leicester Public Library,2015,"11,243","32,908","$165,138",10,476,10,42,81,576,101,"1,094","5,505","6,070","33,077",9,"4,524"
Lakeville - Lakeville Free Public Library,2015,"11,144","100,089","$304,834",232,"1,571",43,516,191,"3,333",466,"5,420","23,421","17,691","49,161",13,"6,500"
Groton - Groton Public Library,2015,"11,115","199,604","$813,644",274,"2,977",114,"1,829",290,"5,135",678,"9,941","14,953","31,473","102,554",24,"5,616"
Lunenburg - Lunenburg Public Library,2015,"10,969","85,714","$365,205",174,588,70,358,152,888,396,"1,834","10,190","10,685","50,566",19,"5,616"
Holbrook - Holbrook Public Library,2015,"10,952","54,104","$353,359",115,695,2,57,92,948,209,"1,700","16,716","14,648",,16,"7,800"
Norwell - Norwell Public Library,2015,"10,723","120,733","$572,210",107,"1,199",10,52,144,"4,246",261,"5,497","13,698","24,642","80,755",14,"15,340"
Winchendon - Beals Memorial Library,2015,"10,542","57,150","$168,068",4,37,3,22,119,"1,253",126,"1,312","6,564","7,360",,11,"7,020"
Nantucket - Nantucket Atheneum,2015,"10,399","119,830","$685,233",401,"13,715",106,747,503,"10,676","1,010","25,138","16,079","17,644","175,450",36,"9,932"
Maynard - Maynard Public Library,2015,"10,370","123,676","$465,719",88,"2,200",26,491,149,"3,756",263,"6,447","20,271","24,202",,18,"15,080"
Acushnet - Russell Memorial Library,2015,"10,350","42,531","$207,851",46,325,0,0,10,205,56,530,"11,584","11,095",,4,"1,664"
Hull - Hull Public Library,2015,"10,332","41,939","$290,495",35,843,0,0,27,361,62,"1,204","10,009","4,363","47,683",9,"23,348"
Hanson - Hanson Public Library,2015,"10,324","57,743","$372,655",55,"1,149",39,784,184,"2,683",278,"4,616","9,960","15,188","51,615",10,"3,692"
Southborough - Southborough Public Library,2015,"9,896","150,368","$415,947",73,"1,045",34,223,244,"8,504",351,"9,772","14,150","16,613","59,993",5,"2,080"
Ware - Young Men's Library Association,2015,"9,844","46,420","$184,713",2,14,,,91,"1,478",93,"1,492","5,209","4,840","22,125",5,"4,160"
Brewster - Brewster Ladies' Library,2015,"9,754","158,364","$548,934",205,"4,617",32,429,105,"3,502",342,"8,548","20,692","23,180","129,863",17,"59,800"
Southwick - Southwick Public Library,2015,"9,634","45,771","$378,214",30,498,33,664,88,"2,577",151,"3,739","1,471","6,674","43,428",7,"2,028"
Middleton - Flint Public Library,2015,"9,419","73,295","$446,516",180,"2,283",25,134,165,"4,566",370,"6,983","14,947","19,295","55,316",17,"6,500"
Sturbridge - Joshua Hyde Public Library,2015,"9,407","103,870","$451,269",24,273,8,62,182,"3,149",214,"3,484","12,499","13,880","146,180",9,"9,308"
Littleton - Reuben Hoar Library,2015,"9,246","152,577","$513,440",139,"1,587",53,481,201,"6,007",393,"8,075","28,359","25,207","52,208",13,"4,680"
Townsend - Townsend Public Library,2015,"9,194","121,086","$234,147",121,"1,472",17,122,200,"4,342",338,"5,936","13,518","14,476","69,914",40,"15,600"
Sutton - Sutton Free Public Library,2015,"9,133","63,366","$187,748",80,285,31,205,165,"2,260",276,"2,750","7,147","10,395","63,000",3,"7,800"
Blackstone - Blackstone Free Public Library,2015,"9,079","76,028","$363,875",43,691,1,11,204,"2,626",248,"3,328","7,868","12,499","44,894",16,"5,772"
Freetown - James White Memorial Library,2015,"9,035","8,212","$116,306",1,0,1,17,12,43,14,60,"5,243","8,910","7,435",8,"1,404"
Plainville - Plainville Public Library,2015,"8,825","74,534","$206,648",42,467,0,0,210,"3,758",252,"4,225","13,597","17,879",,6,"1,560"
Monson - Monson Free Library & Reading Room,2015,"8,722","46,440","$241,748",53,473,8,42,113,"2,076",174,"2,591","6,678","7,609","39,312",5,"2,600"
Douglas - Simon Fairfield Public Library,2015,"8,624","38,139","$209,488",,,,,120,"1,800",120,"1,800","7,950","8,721",,4,"3,952"
Salisbury - Salisbury Public Library,2015,"8,580","27,372","$217,644",40,656,0,0,33,460,73,"1,116","5,077","5,084",0,3,"4,160"
Georgetown - Peabody Library,2015,"8,468","69,741","$309,087",19,189,10,149,177,"2,719",206,"3,057","12,301","21,077","37,851",20,"5,148"
Montague - Montague Public Libraries,2015,"8,377","101,253","$337,643",89,351,3,12,190,"6,015",282,"6,378","16,875","12,850","46,523",8,"7,020"
Adams - Adams Free Library,2015,"8,332","39,003","$260,085",28,"1,004",,,53,"1,813",81,"2,817","4,641","4,848",,8,"3,016"
Cohasset - Paul Pratt Memorial Library,2015,"8,273","155,974","$564,537",62,"1,155",46,669,194,"8,851",302,"10,675","16,282","16,591","146,907",32,"11,960"
Rutland - Rutland Free Public Library,2015,"8,256","58,227","$204,787",75,347,3,32,75,"2,333",153,"2,712","1,997","1,264","44,044",17,"10,452"
Boxford - Boxford Town Library,2015,"8,163","42,106","$432,113",24,226,4,55,79,"1,236",107,"1,517","26,118","4,794","14,532",2,"1,040"
Templeton - Boynton Public Library,2015,"8,134","32,849","$59,371",3,40,2,16,220,"6,160",225,"6,216","1,288",3,0,2,"2,756"
Lancaster - Thayer Memorial Library,2015,"8,054","107,870","$322,835",373,"3,133",11,52,107,"1,418",491,"4,603","11,228","25,128","53,554",8,"3,432"
Millis - Millis Public Library,2015,"8,047","105,817","$377,873",139,"1,507",50,470,277,"8,423",466,"10,400","12,952","16,857","89,210",14,"16,380"
West Boylston - Beaman Memorial Public Library,2015,"7,901","78,074","$373,926",75,"1,804",14,91,273,"5,776",362,"7,671","6,898","8,598","61,525",12,"7,072"
Sterling - Conant Free Public Library,2015,"7,894","92,489","$362,223",102,871,3,86,216,"1,819",321,"2,776","12,054","9,901","53,800",16,"2,704"
Ayer - Ayer Public Library,2015,"7,821","70,601","$478,263",33,258,6,49,70,"2,848",109,"3,155","4,035","11,260","78,195",13,"13,832"
Orange - Wheeler Memorial Library,2015,"7,756","51,142","$323,405",7,211,4,75,167,"3,511",178,"3,797","7,566","10,754","34,829",13,"6,240"
Upton - Upton Town Library,2015,"7,668","61,469","$229,582",59,307,12,88,115,"1,334",186,"1,729","8,987","8,225","24,804",6,"1,664"
Shirley - Hazen Memorial Library,2015,"7,613","57,990","$208,430",252,"3,537",59,616,179,"3,277",490,"7,430","4,806","10,943","44,561",11,"16,848"
Halifax - Holmes Public Library,2015,"7,606","45,658","$308,118",85,687,16,69,178,"2,978",279,"3,734","9,681","21,075","50,800",8,"5,200"
Williamstown - David & Joyce Milne Public Library,2015,"7,599","145,835","$526,872",13,,5,68,180,"1,953",198,"2,021","17,268","14,972","87,561",15,"11,856"
Westminster - Forbush Memorial Library,2015,"7,404","50,322","$341,866",124,"1,824",0,0,170,"3,304",294,"5,128","8,523","9,859","32,870",6,"1,924"
Dighton - Dighton Public Library,2015,"7,214","30,998","$232,837",51,550,9,69,179,"2,765",239,"3,384","8,753","12,483","17,288",3,"1,196"
Rockport - Rockport Public Library,2015,"7,131","71,586","$514,246",138,"1,920",1,3,114,"3,017",253,"4,940","9,556","21,905","156,311",13,"9,100"
Groveland - Langley Adams Library,2015,"7,019","53,681","$232,013",160,"1,720",17,70,259,"3,302",436,"5,092","16,807","10,182","36,742",6,"4,524"
Great Barrington - Mason Library,2015,"6,996","150,219","$496,585",204,"2,017",5,36,269,"3,861",478,"5,914","19,414","19,485","133,698",41,"20,332"
West Bridgewater - West Bridgewater Public Library,2015,"6,983","47,893","$409,166",11,152,6,66,79,"2,158",96,"2,376","10,624","18,626","26,251",10,"5,148"
Stow - Randall Library,2015,"6,916","76,620","$218,211",39,485,90,845,156,"1,877",285,"3,207","15,000","12,647","41,102",5,"11,960"
Newbury - Newbury Town Library,2015,"6,853","44,014","$237,764",65,531,17,105,155,"2,561",237,"3,197","6,584","14,571","19,144",17,"2,444"
Dalton - Dalton Free Public Library,2015,"6,725","47,062","$185,111",25,277,0,0,89,"1,435",114,"1,712","5,830","6,025","38,463",7,"6,240"
Merrimac - Merrimac Public Library,2015,"6,612","57,226","$269,495",13,370,6,53,116,"1,644",135,"2,067","10,745","12,574","49,700",13,"4,940"
Harvard - Harvard Public Library,2015,"6,569","118,898","$547,353",50,"2,622",49,701,373,"6,990",472,"10,313","14,182","8,460","102,815",19,"9,048"
Lincoln - Lincoln Public Library,2015,"6,565","165,115","$908,952",179,"3,474",1,16,255,"7,950",435,"11,440","26,709","29,529","88,675",11,"28,600"
Berkley - Berkley Public Library,2015,"6,516","24,151","$116,899",3,270,,,121,"1,504",124,"1,774","6,498","7,942","9,750",3,364
Topsfield - Topsfield Town Library,2015,"6,388","123,026","$513,355",27,"1,650",2,35,128,"2,435",157,"4,120","17,697","19,318","74,038",17,"2,704"
Granby - Granby Free Public Library,2015,"6,290","60,241","$136,359",270,"2,300",35,220,94,"2,000",399,"4,520","7,024","5,741","30,000",15,"5,720"
Mattapoisett - Mattapoisett Public Library,2015,"6,172","76,600","$366,165",114,"1,803",12,286,158,"3,318",284,"5,407","14,077","19,599","79,000",12,"2,756"
Ashburnham - Stevens Memorial Library,2015,"6,155","28,760","$194,495",13,156,1,20,43,662,57,838,"1,239","1,000","61,050",5,"1,248"
Chatham - South Chatham Public Library,2015,"6,131","3,476","$5,100",0,0,0,0,0,0,0,0,0,0,"2,168",0,0
Chatham - Eldredge Public Library,2015,"6,131","86,986","$451,880",345,"5,831",112,"1,197",261,"5,996",718,"13,024","16,767","16,799","157,630",30,"32,656"
Rowley - Rowley Public Library,2015,"6,031","47,873","$266,378",95,"1,669",3,23,237,"3,867",335,"5,559","8,391","12,141","37,789",14,"12,948"
Southampton - Edwards Public Library,2015,"5,984","58,222","$125,336",80,763,3,30,76,"1,440",159,"2,233","8,721","4,895","25,714",7,"2,080"
Hopedale - Bancroft Memorial Library,2015,"5,954","32,586","$257,713",68,442,13,141,129,"1,635",210,"2,218","4,740","8,513","19,830",6,"1,508"
Lee - Lee Library Association,2015,"5,921","62,533","$264,813",39,579,13,129,128,"2,008",180,"2,716","9,481","8,216","32,344",3,"7,384"
Mendon - Taft Public Library,2015,"5,904","33,189","$163,489",17,230,10,58,184,"3,933",211,"4,221","3,767","5,523","20,207",4,"1,352"
Orleans - Snow Library,2015,"5,868","150,662","$572,428",469,"14,106",0,0,121,"1,961",590,"16,067","24,951","11,607","156,003",10,"19,500"
Dover - Dover Town Library,2015,"5,797","242,196","$568,782",324,"4,798",86,"3,663",372,"28,724",782,"37,185","13,042","17,162","89,779",122,"29,120"
Barre - Woods Memorial Library,2015,"5,446","37,507","$195,156",19,314,2,21,146,"2,378",167,"2,713","6,641","4,874","25,071",8,"4,264"
Rochester - Joseph H. Plumb Memorial Library,2015,"5,381","32,136","$196,924",70,328,17,185,150,"1,548",237,"2,061","10,891","8,831",,8,"1,508"
Hadley - Goodwin Memorial Library,2015,"5,271","46,003","$201,441",71,"1,321",14,40,86,935,171,"2,296","5,947","5,461","17,403",13,"2,496"
Manchester-by-the-Sea - Manchester-by-the-Sea Public Library,2015,"5,249","63,387","$429,732",50,535,27,434,180,"4,219",257,"5,188","11,195","17,931","42,680",8,"5,200"
Hampden - Hampden Free Library,2015,"5,179","26,217","$120,889",24,721,9,152,124,"2,314",157,"3,187","2,816","4,818","14,022",8,"1,404"
Warren - Warren Public Library,2015,"5,168","14,839","$78,371",56,325,0,0,6,50,62,375,"1,934","1,853","11,579",5,"1,248"
Warren - West Warren Library Association,2015,"5,168","26,100","$78,371",7,160,,,9,235,16,395,"1,677","2,670","7,340",4,"4,004"
Boxborough - Sargent Memorial Library,2015,"5,137","104,109","$338,023",184,"1,898",37,416,195,"4,652",416,"6,966","8,437","13,492","82,623",12,"18,668"
Deerfield - Tilton Library,2015,"5,089","50,987","$151,655",44,646,147,444,173,"2,899",364,"3,989","7,662","5,946",,4,"4,680"
Bolton - Bolton Public Library,2015,"5,075","74,431","$391,786",68,927,43,386,191,"3,379",302,"4,692","7,966","15,911","40,332",9,"1,560"
Carlisle - Gleason Public Library,2015,"5,028","96,551","$574,053",73,"1,615",31,345,124,"2,689",228,"4,649","15,645","24,509","83,078",6,"8,268"
Lenox - Lenox Library Association,2015,"4,983","65,729","$253,317",60,"2,927",0,0,468,"8,693",528,"11,620","8,092","12,334","43,888",8,"4,680"
Eastham - Eastham Public Library,2015,"4,932","63,669","$304,253",47,"1,399",,,141,"2,000",188,"3,399","13,245","10,718",,6,"5,460"
Marion - Elizabeth Taber Memorial Library,2015,"4,919","44,011","$150,490",48,228,0,0,206,"4,541",254,"4,769","11,152","6,924","35,000",5,"2,600"
Paxton - Richards Memorial Library,2015,"4,854","20,808","$163,341",8,162,,,57,"1,412",65,"1,574","2,840","5,579","9,400",5,
North Brookfield - Haston Free Public Library,2015,"4,755","24,351","$99,786",54,868,1,6,73,"1,064",128,"1,938","5,878","3,603","23,880",9,"2,340"
Oak Bluffs - Oak Bluffs Public Library,2015,"4,685","92,988","$468,389",206,"3,140",11,90,254,"8,508",471,"11,738","12,202","30,940","68,738",23,"12,324"
Hubbardston - Hubbardston Public Library,2015,"4,464","13,396","$68,650",4,27,4,8,40,485,48,520,"2,677","1,570","6,955",3,624
Avon - Avon Public Library,2015,"4,454","33,671","$386,872",17,287,2,16,35,324,54,627,"3,118","10,645","42,358",4,"5,564"
West Newbury - G. A. R. Memorial Library,2015,"4,437","94,768","$317,000",27,337,10,44,146,"4,027",183,"4,408","14,206","14,780","51,291",7,"3,536"
Boylston - Boylston Public Library,2015,"4,431","31,948","$176,304",56,737,15,108,55,"1,136",126,"1,981","4,328","4,285","29,594",5,"3,380"
Edgartown - Edgartown Free Public Library,2015,"4,278","61,169","$544,331",126,"1,845",0,,119,"1,846",245,"3,691","7,965","21,011","45,996",16,"7,488"
Sherborn - Sherborn Library,2015,"4,239","52,614","$395,514",103,908,7,83,147,"1,883",257,"2,874","5,678","13,510","47,502",6,"2,288"
Tisbury - Vineyard Haven Public Library,2015,"4,108","91,133","$552,077",116,"3,126",28,32,202,"2,684",346,"5,842","15,224","24,623","70,153",21,"15,600"
West Brookfield - Merriam-Gilbert Public Library,2015,"3,759","34,490","$188,138",19,187,5,58,104,"2,439",128,"2,684","4,334","5,609","48,668",5,"3,120"
Brimfield - Brimfield Public Library,2015,"3,708","12,910","$95,212",12,145,0,0,15,245,27,390,390,0,"4,428",2,936
Sunderland - Sunderland Public Library,2015,"3,690","70,395","$119,447",85,"1,505",27,230,99,"2,035",211,"3,770","11,512","6,417","49,042",14,"10,920"
Essex - T.O.H.P. Burnham Free Library,2015,"3,606","30,375","$118,014",16,226,6,46,34,476,56,748,"7,315","5,874",,3,"2,184"
Nahant - Nahant Public Library,2015,"3,446","11,541","$206,290",26,620,11,88,58,671,95,"1,379",386,438,"12,707",4,208
Princeton - Princeton Public Library,2015,"3,436","36,869","$171,682",47,594,16,188,131,"2,025",194,"2,807","6,735","4,317","28,329",9,"2,080"
Brookfield - Merrick Public Library,2015,"3,381","26,440","$110,122",67,922,10,162,58,"1,746",135,"2,830","4,076","6,094","15,117",5,"3,016"
Dunstable - Dunstable Free Public Library,2015,"3,346","18,505","$153,695",44,624,35,120,156,"1,525",235,"2,269","3,921","7,680","11,000",3,624
Hatfield - Hatfield Public Library,2015,"3,282","29,921","$105,811",12,33,2,54,126,"1,815",140,"1,902","4,475","4,974","11,857",2,416
Sheffield - Bushnell-Sage Library,2015,"3,225","23,980","$179,082",385,"1,912",0,0,152,929,537,"2,841","5,615","10,323","29,295",5,"8,008"
Millville - Millville Free Public Library,2015,"3,210","5,100","$17,985",6,55,,,13,469,19,524,,45,,5,260
Cheshire - Cheshire Public Library,2015,"3,192","5,322","$23,750",5,120,3,18,31,206,39,344,842,910,"2,448",1,104
Ashby - Ashby Free Public Library,2015,"3,161","18,247","$86,243",13,128,7,28,55,685,75,841,"3,148","5,864","18,087",6,312
Lanesborough - Lanesborough Public Library,2015,"3,037","10,366","$34,675",15,200,0,0,52,463,67,663,139,210,"5,417",2,260
Northfield - Field Library,2015,"3,023",276,$625,4,141,0,,9,66,13,207,480,24,310,0,
Northfield - Dickinson Memorial Library,2015,"3,023","47,395","$149,846",121,"1,044",0,0,86,"1,880",207,"2,924","8,484","2,877","25,089",7,728
Hardwick - Paige Memorial Library,2015,"2,997","8,595","$50,438",63,354,2,9,43,516,108,879,698,405,"4,150",3,884
Hardwick - Gilbertville Public Library,2015,"2,997","12,818","$21,927",74,880,,,6,275,80,"1,155","1,014",213,"8,942",6,"9,100"
Provincetown - Provincetown Public Library,2015,"2,966","47,541","$308,969",296,"4,288",18,136,54,496,368,"4,920","8,334","12,339","338,747",12,"46,800"
Berlin - Berlin Public Library,2015,"2,942","16,256","$122,724",16,476,27,202,94,"1,422",137,"2,100","3,259","4,019","10,220",3,832
West Tisbury - West Tisbury Free Public Library,2015,"2,874","174,038","$594,638",486,"7,033",41,305,107,"2,249",634,"9,587","1,784",380,"133,195",18,"41,600"
Plympton - Plympton Public Library,2015,"2,859","22,159","$130,224",87,927,1,6,72,"1,189",160,"2,122","3,461","9,071","13,500",5,"1,300"
Wellfleet - Wellfleet Public Library,2015,"2,733","134,343","$400,351",349,"10,687",69,274,451,"5,484",869,"16,445","14,335","18,071","105,950",22,"22,204"
Holland - Holland Public Library,2015,"2,495","4,958","$40,168",25,368,15,10,45,289,85,667,869,880,"2,543",2,312
Williamsburg - Meekins Public Library,2015,"2,466","74,069","$136,128",40,378,6,26,436,"2,254",482,"2,658","10,690","10,464","43,011",11,"1,508"
"Becket - Becket Athenaeum, Inc.",2015,"2,317","6,797","$52,240",16,180,120,"1,440",132,"1,320",268,"2,940",400,183,"6,426",9,"3,224"
East Brookfield - East Brookfield Public Library,2015,"2,183","11,918","$77,440",40,"1,125",20,187,68,"1,728",128,"3,040","1,645","2,474","7,589",4,"1,300"
Huntington - Huntington Public Library,2015,"2,168","8,180","$66,377",41,215,,,24,248,65,463,392,287,"4,758",5,"2,964"
Bernardston - Cushman Library,2015,"2,123","15,984","$63,273",63,356,1,4,95,715,159,"1,075","2,970","1,780","8,693",2,260
Truro - Truro Public Library,2015,"2,011","68,631","$346,366",92,"2,977",6,11,214,"4,589",312,"7,577","11,233","16,486","110,348",5,"12,636"
Hinsdale - Hinsdale Public Library,2015,"1,994","13,743","$65,673",15,146,0,0,5,68,20,214,428,,"7,397",4,"2,600"
Stockbridge - Stockbridge Library Association,2015,"1,963","17,857","$136,514",36,"1,485",0,0,142,"3,654",178,"5,139","2,863","3,016","18,092",2,"2,600"
Oakham - Fobes Memorial Library,2015,"1,912","6,512","$54,131",58,447,4,90,216,"2,371",278,"2,908",225,253,"5,850",4,"1,040"
Conway - Field Memorial Library,2015,"1,902","9,785","$1,894",14,268,0,,16,146,30,414,391,,"4,467",1,208
Shelburne - Shelburne Free Public Library,2015,"1,893","8,284","$27,147",0,0,0,0,0,0,0,0,"1,607","1,262",,1,260
Shelburne - Arms Library,2015,"1,893","27,380","$27,895",24,508,7,98,15,52,46,658,"5,632","2,502",,3,832
Buckland - Buckland Public Library,2015,"1,889","13,475","$36,780",25,280,0,0,15,350,40,630,"1,852","1,696","3,000",4,"1,560"
Wales - Wales Public Library,2015,"1,875","7,594","$48,956",,,,,50,175,50,175,"1,045","1,699","3,717",3,416
Leverett - Leverett Library,2015,"1,861","40,796","$75,285",41,704,0,,73,847,114,"1,551","7,143","4,630","18,479",6,"2,600"
Erving - Erving Public Library,2015,"1,796","15,154","$54,818",14,143,2,18,39,971,55,"1,132","2,783","2,553","6,573",5,"1,040"
Russell - Russell Public Library,2015,"1,789","3,042","$38,380",1,7,0,0,8,137,9,144,45,0,0,3,
Shutesbury - M. N. Spear Memorial Library,2015,"1,773","32,174","$66,591",39,397,0,0,81,914,120,"1,311","4,625","4,721","10,789",2,"1,560"
Ashfield - Belding Memorial Library,2015,"1,733","24,372","$43,917",15,214,0,0,44,395,59,609,"4,063","2,183","7,594",3,"1,040"
Phillipston - Phillips Free Public Library,2015,"1,707","6,362","$25,470",0,0,0,0,38,"2,220",38,"2,220",103,0,"2,890",3,312
Clarksburg - Clarksburg Town Library,2015,"1,679","19,748","$60,249",3,275,1,40,128,"3,555",132,"3,870",883,"1,871","16,346",5,"2,080"
Colrain - Griswold Memorial Library,2015,"1,661","16,536","$50,330",8,80,0,0,39,422,47,502,"3,399","1,889","6,114",3,364
Granville - Granville Public Library,2015,"1,612","7,069","$35,920",53,369,0,0,6,121,59,490,613,"1,906","3,488",3,104
Westhampton - Westhampton Memorial Library,2015,"1,603","22,361","$87,641",204,"2,431",31,182,160,"2,026",395,"4,639","2,913","3,939",,5,"1,300"
Otis - Otis Free Public Library,2015,"1,595","13,333","$60,885",11,95,2,6,16,178,29,279,"2,623","2,254","8,414",5,
Charlemont - Tyler Memorial Library,2015,"1,586","2,243","$19,953",14,116,1,15,12,55,27,186,136,0,"1,374",2,780
Whately - S. White Dickinson Memorial Library,2015,"1,505","11,581","$53,008",39,724,3,18,18,396,60,"1,138","1,677","3,105","5,040",3,"1,456"
New Marlborough - New Marlborough Town Library,2015,"1,497","15,827","$93,119",60,401,0,0,71,"1,528",131,"1,929","3,100","4,972","10,437",3,"1,560"
Gill - Slate Memorial Library,2015,"1,491","3,850","$25,832",2,65,,,40,302,42,367,122,,"1,884",2,
Richmond - Richmond Free Public Library,2015,"1,453","16,151","$50,600",26,289,0,0,14,344,40,633,"2,906","2,385","8,684",2,156
Chester - Hamilton Memorial Library,2015,"1,360","6,809","$33,205",1,30,0,0,4,73,5,103,600,0,,3,0
Pelham - Pelham Library,2015,"1,319","36,014","$47,547",64,"1,030",1,15,243,"4,541",308,"5,586",754,530,"12,540",8,"1,560"
West Stockbridge - West Stockbridge Public Library,2015,"1,288","9,396","$34,728",4,115,0,0,12,135,16,250,"1,781","1,592","6,196",4,"1,300"
Royalston - Phinehas S. Newton Library,2015,"1,263","15,287","$53,304",68,"1,203",7,84,85,846,160,"2,133","1,383",407,"9,417",3,"1,924"
Blandford - Porter Memorial Library,2015,"1,246","10,366","$44,499",62,197,0,0,26,124,88,321,835,258,"3,022",5,780
Petersham - Petersham Memorial Library,2015,"1,244","10,349","$8,933",20,382,2,14,41,435,63,831,"2,176","1,409","5,974",4,624
Chesterfield - Chesterfield Public Library,2015,"1,239","6,203","$24,219",0,0,0,0,52,540,52,540,706,981,0,3,312
Egremont - Egremont Free Library,2015,"1,224","2,709","$29,193",7,105,6,12,30,360,43,477,75,240,"1,900",3,260
Worthington - Worthington Library,2015,"1,167","3,436","$15,658",51,585,20,86,27,468,98,"1,139",587,0,"3,549",3,520
Goshen - Goshen Free Public Library,2015,"1,058","1,441","$5,817",13,100,,,4,30,17,130,164,0,825,2,208
New Braintree - New Braintree Public Library,2015,"1,024","3,145","$16,850",1,323,,,5,170,6,493,7,0,"3,353",2,520
New Salem - New Salem Public Library,2015,"1,002","14,329","$53,893",15,91,43,344,38,338,96,773,"1,992","2,234","6,443",6,832
Monterey - Monterey Public Library,2015,957,"14,909","$62,012",58,725,0,0,32,315,90,"1,040","3,080","3,511","7,775",4,"3,120"
Sandisfield - Sandisfield Public Library,2015,920,721,"$14,182",1,30,0,0,0,0,1,30,476,0,"1,220",2,468
Chilmark - Chilmark Free Public Library,2015,913,"63,417","$315,803",39,"1,273",,,263,"3,845",302,"5,118","3,905","17,500","42,138",8,"1,248"
Windsor - Windsor Free Public Library,2015,903,"1,966","$2,500",0,0,0,0,18,148,18,148,408,,"1,314",1,156
Wendell - Wendell Free Library,2015,868,"26,574","$40,556",195,974,59,220,63,"1,269",317,"2,463","3,010","3,596","15,239",7,"2,496"
Cummington - Bryant Free Library,2015,867,"1,570","$7,220",7,58,0,0,1,9,8,67,29,0,"1,014",1,156
Montgomery - Grace Hall Memorial Library,2015,862,"5,872","$21,485",3,75,0,0,9,77,12,152,311,311,"3,184",1,364
Peru - Peru Library,2015,842,"2,023","$8,127",5,110,1,12,3,68,9,190,51,0,"1,340",4,312
Warwick - Warwick Free Public Library,2015,774,"4,824","$27,885",1,20,0,0,2,110,3,130,532,847,"5,516",3,"3,640"
Florida - Florida Free Public Library,2015,744,"5,282","$27,910",1,15,0,0,60,360,61,375,267,"1,607","3,577",2,312
Leyden - Robertson Memorial Library,2015,721,"3,888","$23,514",0,0,0,0,2,86,2,86,703,0,"2,245",1,52
Hancock - Taylor Memorial Library,2015,717,,,,,,,,,,,,,,,
Heath - Heath Free Public Library,2015,703,"16,043","$40,815",2,27,,,15,146,17,173,"3,100","2,585","5,540",3,"1,144"
Savoy - Savoy Hollow Library,2015,683,,,,,,,,,,,,,,,
Plainfield - Shaw Memorial Library,2015,650,"8,079","$15,601",5,96,,,6,18,11,114,631,,,2,
Middlefield - Middlefield Public Library,2015,528,"2,081","$7,358",5,201,0,0,46,345,51,546,87,0,"1,978",7,208
Alford - Alford Free Public Library,2015,491,8,,,,,,1,341,1,341,,,35,,
Tolland - Tolland Public Library,2015,489,"2,233","$20,079",1,10,0,0,0,0,1,10,67,,"1,550",2,260
Rowe - Rowe Town Library,2015,392,"7,970","$66,092",4,47,1,8,19,173,24,228,886,"1,983","4,236",4,104
Tyringham - Tyringham Free Public Library,2015,326,"1,309",,,,,,,,,,,,"1,454",2,416
Aquinnah - Aquinnah Public Library,2015,322,"13,572","$140,399",24,477,0,0,136,"1,072",160,"1,549","2,153","4,927","5,420",3,780
Mount Washington - Mount Washington Public Library,2015,166,871,"$1,344",4,42,0,0,0,0,4,42,,,,1,156
Monroe - Monroe Public Library,2015,121,,,,,,,,,,,,,,,
Gosnold - Cuttyhunk Public Library,2015,76,"1,431","$12,230",0,0,0,0,0,0,0,0,0,0,"1,219",0,0
